{
  "accuracy": 0.9843147097987331,
  "macro_f1": 0.6364636701702191,
  "weighted_f1": 0.9848011723601487,
  "confusion_matrix": [
    [
      242,
      0,
      0,
      0,
      1,
      1,
      0,
      0,
      0,
      0
    ],
    [
      3,
      302,
      0,
      28,
      199,
      226,
      62,
      99,
      23,
      2
    ],
    [
      0,
      5,
      444531,
      14,
      24,
      1,
      7,
      4,
      0,
      0
    ],
    [
      43,
      49,
      0,
      565,
      223,
      241,
      13,
      42,
      35,
      2
    ],
    [
      333,
      204,
      1,
      633,
      5242,
      1320,
      217,
      426,
      171,
      15
    ],
    [
      90,
      578,
      1,
      137,
      35,
      5753,
      57,
      20,
      50,
      1
    ],
    [
      21,
      27,
      1,
      93,
      113,
      194,
      3408,
      32,
      94,
      8
    ],
    [
      99,
      88,
      0,
      83,
      58,
      593,
      62,
      2317,
      78,
      3
    ],
    [
      0,
      15,
      0,
      9,
      4,
      56,
      5,
      1,
      367,
      0
    ],
    [
      0,
      0,
      0,
      0,
      1,
      0,
      0,
      0,
      0,
      21
    ]
  ],
  "report": {
    "0": {
      "precision": 0.29121540312876054,
      "recall": 0.9918032786885246,
      "f1-score": 0.4502325581395349,
      "support": 244.0
    },
    "1": {
      "precision": 0.23817034700315456,
      "recall": 0.3199152542372881,
      "f1-score": 0.2730560578661845,
      "support": 944.0
    },
    "2": {
      "precision": 0.999993251359851,
      "recall": 0.9998762894018255,
      "f1-score": 0.9999347669605902,
      "support": 444586.0
    },
    "3": {
      "precision": 0.3617157490396927,
      "recall": 0.46578730420445175,
      "f1-score": 0.4072072072072072,
      "support": 1213.0
    },
    "4": {
      "precision": 0.8884745762711864,
      "recall": 0.6122401308105583,
      "f1-score": 0.7249343106071083,
      "support": 8562.0
    },
    "5": {
      "precision": 0.6861061419200954,
      "recall": 0.855846474263612,
      "f1-score": 0.7616336797511087,
      "support": 6722.0
    },
    "6": {
      "precision": 0.889584964761159,
      "recall": 0.8539213229766975,
      "f1-score": 0.8713883917156737,
      "support": 3991.0
    },
    "7": {
      "precision": 0.7878272696361782,
      "recall": 0.6853002070393375,
      "f1-score": 0.7329958873774122,
      "support": 3381.0
    },
    "8": {
      "precision": 0.44865525672371637,
      "recall": 0.8030634573304157,
      "f1-score": 0.5756862745098039,
      "support": 457.0
    },
    "9": {
      "precision": 0.40384615384615385,
      "recall": 0.9545454545454546,
      "f1-score": 0.5675675675675675,
      "support": 22.0
    },
    "accuracy": 0.9843147097987331,
    "macro avg": {
      "precision": 0.5995589113689949,
      "recall": 0.7542299173498165,
      "f1-score": 0.6364636701702191,
      "support": 470122.0
    },
    "weighted avg": {
      "precision": 0.9869027033138634,
      "recall": 0.9843147097987331,
      "f1-score": 0.9848011723601487,
      "support": 470122.0
    }
  },
  "class_names": [
    "Analysis",
    "Backdoor",
    "Benign",
    "DoS",
    "Exploits",
    "Fuzzers",
    "Generic",
    "Reconnaissance",
    "Shellcode",
    "Worms"
  ]
}