{
  "accuracy": 0.9864992491310766,
  "macro_f1": 0.62076199801469,
  "weighted_f1": 0.9856766708738843,
  "confusion_matrix": [
    [
      79,
      0,
      0,
      9,
      132,
      10,
      2,
      12,
      0,
      0
    ],
    [
      2,
      109,
      0,
      12,
      263,
      395,
      60,
      86,
      17,
      0
    ],
    [
      1,
      0,
      444581,
      1,
      2,
      0,
      1,
      0,
      0,
      0
    ],
    [
      18,
      5,
      0,
      295,
      484,
      337,
      15,
      52,
      5,
      2
    ],
    [
      115,
      20,
      2,
      93,
      6533,
      1401,
      110,
      260,
      22,
      6
    ],
    [
      35,
      22,
      1,
      5,
      332,
      6293,
      4,
      29,
      0,
      1
    ],
    [
      3,
      3,
      1,
      17,
      267,
      224,
      3391,
      80,
      4,
      1
    ],
    [
      41,
      2,
      0,
      17,
      410,
      644,
      30,
      2232,
      5,
      0
    ],
    [
      0,
      2,
      0,
      2,
      50,
      78,
      19,
      56,
      250,
      0
    ],
    [
      0,
      0,
      0,
      0,
      9,
      0,
      1,
      0,
      0,
      12
    ]
  ],
  "report": {
    "0": {
      "precision": 0.2687074829931973,
      "recall": 0.3237704918032787,
      "f1-score": 0.2936802973977695,
      "support": 244.0
    },
    "1": {
      "precision": 0.6687116564417178,
      "recall": 0.11546610169491525,
      "f1-score": 0.1969286359530262,
      "support": 944.0
    },
    "2": {
      "precision": 0.9999910028453501,
      "recall": 0.9999887535819841,
      "f1-score": 0.9999898782124024,
      "support": 444586.0
    },
    "3": {
      "precision": 0.6541019955654102,
      "recall": 0.24319868095630667,
      "f1-score": 0.3545673076923077,
      "support": 1213.0
    },
    "4": {
      "precision": 0.7702192879037962,
      "recall": 0.7630226582574164,
      "f1-score": 0.7666040835484628,
      "support": 8562.0
    },
    "5": {
      "precision": 0.6707525047964187,
      "recall": 0.9361797084201131,
      "f1-score": 0.781544957774466,
      "support": 6722.0
    },
    "6": {
      "precision": 0.9333883842554362,
      "recall": 0.8496617389125533,
      "f1-score": 0.8895592864637986,
      "support": 3991.0
    },
    "7": {
      "precision": 0.7951549697185607,
      "recall": 0.6601597160603372,
      "f1-score": 0.7213962508080155,
      "support": 3381.0
    },
    "8": {
      "precision": 0.8250825082508251,
      "recall": 0.5470459518599562,
      "f1-score": 0.6578947368421053,
      "support": 457.0
    },
    "9": {
      "precision": 0.5454545454545454,
      "recall": 0.5454545454545454,
      "f1-score": 0.5454545454545454,
      "support": 22.0
    },
    "accuracy": 0.9864992491310766,
    "macro avg": {
      "precision": 0.7131564338225257,
      "recall": 0.5983948347001407,
      "f1-score": 0.62076199801469,
      "support": 470122.0
    },
    "weighted avg": {
      "precision": 0.9869317001158877,
      "recall": 0.9864992491310766,
      "f1-score": 0.9856766708738843,
      "support": 470122.0
    }
  },
  "class_names": [
    "Analysis",
    "Backdoor",
    "Benign",
    "DoS",
    "Exploits",
    "Fuzzers",
    "Generic",
    "Reconnaissance",
    "Shellcode",
    "Worms"
  ]
}