{
  "accuracy": 0.9999595849587979,
  "precision": 0.9993346640053227,
  "recall": 0.999921679197995,
  "f1": 0.999628085422906,
  "false_negative_rate": 7.832080200501253e-05,
  "confusion_matrix": [
    [
      444569,
      17
    ],
    [
      2,
      25534
    ]
  ],
  "report": {
    "0": {
      "precision": 0.9999955012810102,
      "recall": 0.9999617621787461,
      "f1-score": 0.9999786314452903,
      "support": 444586.0
    },
    "1": {
      "precision": 0.9993346640053227,
      "recall": 0.999921679197995,
      "f1-score": 0.999628085422906,
      "support": 25536.0
    },
    "accuracy": 0.9999595849587979,
    "macro avg": {
      "precision": 0.9996650826431664,
      "recall": 0.9999417206883705,
      "f1-score": 0.9998033584340982,
      "support": 470122.0
    },
    "weighted avg": {
      "precision": 0.9999596060438761,
      "recall": 0.9999595849587979,
      "f1-score": 0.9999595905511658,
      "support": 470122.0
    }
  },
  "roc_auc": 0.9999999777150395
}