{
  "accuracy": 0.9999042801655741,
  "precision": 0.9983577712609971,
  "recall": 0.9998825187969925,
  "f1": 0.9991195633033985,
  "false_negative_rate": 0.00011748120300751879,
  "confusion_matrix": [
    [
      444544,
      42
    ],
    [
      3,
      25533
    ]
  ],
  "report": {
    "0": {
      "precision": 0.9999932515572032,
      "recall": 0.9999055300886668,
      "f1-score": 0.9999493888990736,
      "support": 444586.0
    },
    "1": {
      "precision": 0.9983577712609971,
      "recall": 0.9998825187969925,
      "f1-score": 0.9991195633033985,
      "support": 25536.0
    },
    "accuracy": 0.9999042801655741,
    "macro avg": {
      "precision": 0.9991755114091001,
      "recall": 0.9998940244428296,
      "f1-score": 0.999534476101236,
      "support": 470122.0
    },
    "weighted avg": {
      "precision": 0.9999044158404234,
      "recall": 0.9999042801655741,
      "f1-score": 0.9999043145855738,
      "support": 470122.0
    }
  },
  "roc_auc": 0.9999998178446705
}